Zona,Código.Comuna,Código.Puesto,Nombre.Puesto,num_mesas,suma_votos,prom_votos_mesa,pct_votos,prop_acum
NORTE,1,03,SEC.ESC.AGRIPINA MONTES DEL VALLE,25,2775,111,0.11868103669489351,0.2652467710204431
NORTE,1,04,SEC. ESC. MEDELLIN,26,2699,103.8076923076923,0.11543067316739372,0.3806774441878368
NORTE,1,02,SEC. ESC. DIVINA PROVIDENCIA,36,2249,62.47222222222222,0.09618509964930289,0.47686254383713966
NORTE,1,02,INST.EDUC. LA CANDELARIA,50,3427,68.54,0.14656573432554956,0.14656573432554956
SUR,14,01,COL.SANTA MARIA DEL ROSARIO,32,7491,234.09375,0.12505425528362993,0.4434409535574772
SUR,14,02,COL.MARYMOUNT,37,8886,240.16216216216216,0.14834229241093785,0.31838669827384725
SUR,14,03,UNIVERSIDAD EAFIT,47,10186,216.72340425531914,0.17004440586290942,0.17004440586290942
